スキル系統,最小,最大
装填速度,1,6
反動,1,5
本気,1,6
護石王,3,7
痛撃,1,5
属性耐性,1,5
回避性能,1,6
聴覚保護,1,5
斬れ味,1,5
ガード性能,1,6
ガード強化,1,6
底力,1,6
特殊攻撃,1,6
スタミナ,1,5
重撃,1,5
回避距離,1,6
納刀,1,6
溜め短縮,1,5
減気攻撃,1,6
通常弾強化,1,5
貫通弾強化,1,5
散弾強化,1,5
KO,1,6
火属性攻撃,1,7
水属性攻撃,1,7
雷属性攻撃,1,7
氷属性攻撃,1,7
龍属性攻撃,1,7
回復量,1,6
体術,1,6
気力回復,1,6
風圧,1,5
食事,1,5
采配,1,7
号令,1,7
加護,1,7
燃鱗,1,7
狂撃耐性,1,5
