スキル系統,最小,最大
属性解放,1,3
剣術,1,5
匠,1,5
抜刀会心,1,5
抜刀減気,1,5
装填速度,3,6
反動,3,5
速射,1,5
本気,3,6
闘魂,1,3
痛撃,3,5
属性耐性,3,5
剥ぎ取り,1,5
運気,1,5
捕獲,1,5
回避性能,3,6
聴覚保護,3,5
斬れ味,3,5
ガード性能,3,6
ガード強化,3,6
底力,3,6
特殊攻撃,3,6
スタミナ,3,5
重撃,3,5
回避距離,3,6
納刀,3,6
溜め短縮,3,5
減気攻撃,3,6
無傷,1,3
根性,1,5
装填数,1,5
通常弾強化,3,5
貫通弾強化,3,5
散弾強化,3,5
KO,3,6
火属性攻撃,3,7
水属性攻撃,3,7
雷属性攻撃,3,7
氷属性攻撃,3,7
龍属性攻撃,3,7
属性攻撃,1,5
回復量,3,6
逆境,1,5
肉食,1,3
体術,3,6
気力回復,3,6
風圧,3,5
食事,3,5
采配,3,7
号令,3,7
加護,3,7
ハチミツ,1,3
燃鱗,3,7
狂撃耐性,1,7
乗り,1,8
