スキル系統,最小,最大
KO,3,8
ガード強化,3,8
ガード性能,3,8
スタミナ,3,6
乗り,2,8
体術,3,8
剣術,2,5
剥ぎ取り,2,5
加護,4,8
匠,2,5
反動,3,6
号令,4,8
回復量,3,8
回避性能,3,6
回避距離,3,8
射法,1,4
属性会心,2,5
属性攻撃,2,5
属性耐性,3,6
属性解放,2,5
底力,3,8
抜刀会心,2,5
抜刀減気,2,5
捕獲,2,5
散弾強化,3,6
斬れ味,3,6
本気,3,8
根性,2,5
気力回復,3,8
水属性攻撃,4,8
氷属性攻撃,4,8
減気攻撃,3,8
溜め短縮,3,6
火属性攻撃,4,8
無傷,2,5
特殊会心,2,5
特殊攻撃,3,8
狂撃耐性,2,7
痛撃,3,6
節食,4,8
納刀,3,8
聴覚保護,3,6
肉食,2,5
茸食,4,8
装填数,2,5
装填速度,3,8
貫通弾強化,3,6
逆境,2,5
通常弾強化,3,6
速射,2,5
運気,2,5
采配,4,8
重撃,3,6
闘魂,2,5
雷属性攻撃,4,8
風圧,3,6
食事,3,6
龍属性攻撃,4,8
