﻿スキル系統,最小,最大
スタミナ,3,8
一心,2,4
不動,1,4
刀匠,1,4
剛撃,1,4
剛腕,1,4
剣術,2,6
剥ぎ取り,2,6
匠,2,6
反動,4,6
回避術,1,4
増幅,2,4
射手,1,4
居合,1,4
属性攻撃,2,6
属性耐性,4,8
属性解放,2,6
強欲,2,6
怒,1,4
捕獲,2,6
斬れ味,3,8
斬術,1,4
本気,4,7
根性,2,6
溜め短縮,3,6
潔癖,2,4
無傷,2,6
状態耐性,1,4
痛撃,4,6
盾持,2,4
祈願,3,6
秘伝,1,4
聴覚保護,3,8
装填数,2,6
裏稼業,1,4
護石収集,2,6
逆境,2,6
運気,2,6
重撃,3,8
闘魂,2,4
頑強,1,4
