スキル系統,最小,最大
KO,2,5
ガード強化,2,6
ガード性能,2,6
スタミナ,2,5
不動,1,4
体力,3,11
体術,2,5
剛腕,1,3
剥ぎ取り,1,7
加護,2,9
匠,1,4
反動,2,5
回復量,2,6
回避性能,2,9
回避距離,2,6
属性会心,2,7
属性攻撃,1,4
属性耐性,1,5
広域,4,10
底力,2,4
抜刀会心,2,7
抜刀減気,2,7
捕獲,1,7
攻撃,2,14
散弾強化,2,8
斬れ味,1,5
斬術,1,3
本気,2,6
根性,1,4
気力回復,2,5
減気攻撃,2,6
溜め短縮,1,5
無傷,1,4
爆弾強化,3,10
特殊会心,2,7
特殊攻撃,2,4
痛撃,2,5
研ぎ師,2,8
砲術,3,14
祈願,2,5
秘伝,1,3
笛,4,10
納刀,2,4
聴覚保護,1,5
装填数,1,4
装填速度,2,6
裏稼業,1,3
貫通弾強化,2,8
逆境,1,4
通常弾強化,2,8
速射,1,6
運気,1,7
達人,3,14
重撃,2,5
闘魂,1,4
防御,2,10
風圧,2,4
食事,2,4
